DEPTH;CAL;DT;GR;NPHI;ILD;RHOB;SP;porosite;K
1125.00000;9.42400;132.83900;64.94500;0.45300;1.12700;2.23200;1.97700;0.297697108793054;2660.12463250141
1125.00476;9.42488;132.79199;64.95374;0.45279;1.12912;2.23250;1.97772;0.297401771849995;2655.45801410561
1125.19995;9.46158;130.86328;65.31360;0.44420;1.21579;2.25279;2.00739;0.28537833534477;2469.40838836516
1125.20007;9.46161;130.86230;65.31384;0.44420;1.21585;2.25281;2.00742;0.28537140534066;2469.30336777571
1125.21558;9.46452;130.70898;65.34241;0.44352;1.22272;2.25442;2.00977;0.284422613562187;2454.94899056032
1125.25000;9.47100;130.36900;65.40600;0.44200;1.23800;2.25800;2.01500;0.282315308048426;2423.23832548896
1125.40002;9.49379;128.31934;65.46481;0.44320;1.28961;2.26160;2.13025;0.277484915832929;2351.44058842523
1125.42981;9.49832;127.91309;65.47650;0.44344;1.29987;2.26231;2.15314;0.276529905000491;2337.39224756256
1125.50000;9.50900;126.95400;65.50400;0.44400;1.32400;2.26400;2.20700;0.274274741870538;2304.41070535966
1125.59998;9.54498;127.33887;65.49440;0.44480;1.30360;2.25560;2.24179;0.276520441845549;2337.25331277399
1125.60010;9.54504;127.33936;65.49439;0.44480;1.30357;2.25559;2.24182;0.276522941392922;2337.29001698197
1125.64600;9.56155;127.51562;65.48998;0.44517;1.29422;2.25174;2.25781;0.277553233485041;2352.44744727116
1125.75000;9.59900;127.91600;65.48000;0.44600;1.27300;2.24300;2.29400;0.279890957951471;2387.04858878768
1125.80005;9.59900;127.87036;65.69336;0.44720;1.26740;2.24480;2.29761;0.277980672846671;2358.75234819914
1125.86255;9.59900;127.81335;65.95947;0.44870;1.26039;2.24705;2.30210;0.275568171619058;2323.2938977587
1126.00000;9.59900;127.68800;66.54600;0.45200;1.24500;2.25200;2.31200;0.270130793111205;2244.50973382285
1126.07983;9.59133;126.63477;67.06348;0.45328;1.24596;2.25711;2.28775;0.262937261427075;2142.69256666078
1126.19995;9.57980;125.04980;67.84277;0.45520;1.24740;2.26479;2.25122;0.251998840864665;1993.13647386543
1126.20007;9.57979;125.04785;67.84375;0.45520;1.24740;2.26480;2.25119;0.251984505910872;1992.94464733595
1126.25000;9.57500;124.38900;68.16800;0.45600;1.24800;2.26800;2.23600;0.247393839241396;1932.07488838936
1126.29980;9.57381;124.00488;68.51074;0.45760;1.25019;2.26321;2.21707;0.244290944755477;1891.56611032457
1126.40002;9.57140;123.23340;69.20020;0.46080;1.25460;2.25359;2.17899;0.237805033437102;1808.54282625661
1126.50000;9.56900;122.46300;69.88800;0.46400;1.25900;2.24400;2.14100;0.230996959449788;1723.7987904365
1126.52319;9.56984;122.55225;70.07617;0.46521;1.26141;2.24214;2.13522;0.229548777947883;1706.08993453376
1126.59998;9.57260;122.84863;70.70312;0.46920;1.26940;2.23600;2.11621;0.224443624787406;1644.55068254667
1126.60010;9.57261;122.84912;70.70410;0.46920;1.26941;2.23599;2.11618;0.224434207574786;1644.43844303504
1126.74719;9.57790;123.41602;71.90527;0.47685;1.28471;2.22423;2.07968;0.213443634229117;1516.65682830671
1126.75000;9.57800;123.42700;71.92900;0.47700;1.28500;2.22400;2.07900;0.213208731783413;1513.99575472437
1126.80005;9.58000;123.82324;71.92479;0.47560;1.30441;2.22680;2.05396;0.213304573894097;1515.08120444625
1126.96887;9.58676;125.15918;71.91061;0.47087;1.36993;2.23626;1.96954;0.213623647201761;1518.69834117919
1127.00000;9.58800;125.40600;71.90800;0.47000;1.38200;2.23800;1.95400;0.213684027709802;1519.38344314287
1127.19031;9.59104;124.56689;71.27100;0.46772;1.39419;2.25170;1.95400;0.218370099250592;1573.14133861194
1127.19995;9.59120;124.52441;71.23853;0.46760;1.39481;2.25240;1.95400;0.218593302410052;1575.73098517655
1127.20007;9.59120;124.52393;71.23828;0.46760;1.39481;2.25240;1.95400;0.218595559641211;1575.75718754218
1127.25000;9.59200;124.30400;71.07100;0.46700;1.39800;2.25600;1.95400;0.21972507874683;1588.90279233844
1127.40002;9.60821;123.14355;70.92163;0.46100;1.43161;2.26320;1.91980;0.217655983556319;1564.87371434533
1127.41321;9.60963;123.04102;70.90857;0.46047;1.43456;2.26384;1.91681;0.217467415839555;1562.6951195123
1127.50000;9.61900;122.37100;70.82200;0.45700;1.45400;2.26800;1.89700;0.216235689443607;1548.51096426532
1127.59998;9.63460;121.29590;70.88879;0.44980;1.47679;2.26880;1.89340;0.212284319284166;1503.55211592772
1127.60010;9.63463;121.29395;70.88885;0.44979;1.47682;2.26880;1.89339;0.21227860806291;1503.48773346653
1127.63879;9.64066;120.87793;70.91473;0.44701;1.48564;2.26911;1.89200;0.210755486903068;1486.37946000481
1127.75000;9.65800;119.68300;70.98900;0.43900;1.51100;2.27000;1.88800;0.206392768508611;1438.05756270317
1127.80005;9.66841;120.08008;71.08740;0.43740;1.51381;2.27320;1.90500;0.20526433294294;1425.72344943692
1127.86621;9.68217;120.60547;71.21777;0.43528;1.51751;2.27744;1.92749;0.203757820155641;1409.36224705943
1128.00000;9.71000;121.66700;71.48100;0.43100;1.52500;2.28600;1.97300;0.200681092966403;1376.32244044375
1128.09412;9.71903;121.13232;71.49794;0.43552;1.52199;2.29203;2.02234;0.199818073086843;1367.14504038497
1128.19995;9.72919;120.53125;71.51700;0.44060;1.51860;2.29880;2.07776;0.198849735882009;1356.89477673938
1128.20007;9.72921;120.53076;71.51701;0.44061;1.51860;2.29881;2.07782;0.198849589566981;1356.8932316989
1128.25000;9.73400;120.24700;71.52600;0.44300;1.51700;2.30200;2.10400;0.198392170291387;1352.0685728759
1128.32153;9.73830;120.56006;71.04590;0.44558;1.45691;2.28540;2.10400;0.206637349513462;1440.73970859342
1128.40002;9.74300;120.90381;70.51855;0.44840;1.39099;2.26718;2.10400;0.215667705243189;1541.99705774707
1128.50000;9.74900;121.34100;69.84700;0.45200;1.30700;2.24400;2.10400;0.227133920260423;1676.80782819212
1128.54895;9.75566;121.63135;69.55322;0.45317;1.30035;2.24184;2.13690;0.231240663191029;1726.78985447792
1128.59998;9.76260;121.93359;69.24756;0.45440;1.29341;2.23960;2.17120;0.235483589142246;1779.36998252245
1128.60010;9.76262;121.93408;69.24658;0.45440;1.29340;2.23959;2.17126;0.235495847638307;1779.52327998038
1128.75000;9.78300;122.82300;68.34700;0.45800;1.27300;2.23300;2.27200;0.247797439756044;1937.38175973566
1128.77405;9.78300;122.94775;68.31128;0.46146;1.27117;2.23204;2.27527;0.249245992496258;1956.49900523911
1128.80005;9.78300;123.08203;68.27258;0.46519;1.26920;2.23100;2.27881;0.250812438672752;1977.2975475993
1128.99695;9.78300;124.10059;67.97949;0.49355;1.25423;2.22312;2.30559;0.262791673119243;2140.6607499657
1129.00000;9.78300;124.11600;67.97500;0.49400;1.25400;2.22300;2.30600;0.26297932940692;2143.28047947051
1129.19995;9.80379;126.43359;67.53271;0.49960;1.21001;2.22140;2.32279;0.273188046776283;2288.61456872854
1129.20007;9.80380;126.43457;67.53247;0.49960;1.20998;2.22140;2.32281;0.274052401090424;2301.17390242818
1129.21692;9.80555;126.62988;67.49512;0.50007;1.20627;2.22126;2.32422;0.275747752465419;2325.92308383422
1129.25000;9.80900;127.01300;67.42200;0.50100;1.19900;2.22100;2.32700;0.280349562328175;2393.87069169317
1129.40002;9.83781;127.78467;66.68750;0.48540;1.16000;2.22520;2.33960;0.281336209322403;2408.58510741139
1129.43420;9.84438;127.96045;66.52002;0.48184;1.15112;2.22616;2.34248;0.283172587899147;2436.11007067123
1129.50000;9.85700;128.29800;66.19800;0.47500;1.13400;2.22800;2.34800;0.277425164703798;2350.5597531119
1129.59998;9.86620;128.22198;66.47998;0.46500;1.13320;2.23280;2.35320;0.277419123071652;2350.4707412192
1129.60010;9.86621;128.22192;66.48022;0.46499;1.13320;2.23281;2.35321;0.274541035821105;2308.29058481386
1129.65027;9.87083;128.18378;66.62183;0.45997;1.13280;2.23521;2.35582;0.268835025236547;2225.96599595267
1129.75000;9.88000;128.10800;66.90300;0.45000;1.13200;2.24000;2.36100;0.265394256195938;2177.15943866708
1129.80005;9.87740;128.36084;67.40918;0.45540;1.12259;2.24220;2.37399;0.260605584595877;2110.27947436602
1129.86548;9.87399;128.69141;68.07031;0.46247;1.11029;2.24508;2.39102;0.249622495370891;1961.48590140895
1130.00000;9.86700;129.37199;69.42900;0.47700;1.08500;2.25100;2.42600;0.241703421778805;1858.17645550517
1130.07983;9.85327;129.55151;70.20996;0.47923;1.09746;2.24844;2.42600;0.228748300031567;1696.34914001758
1130.20007;9.83260;129.82178;71.38574;0.48260;1.11621;2.24460;2.42600;0.222974160883522;1627.09369778227
1130.25000;9.82400;129.93401;71.87400;0.48400;1.12400;2.24300;2.42600;0.227336976027242;1679.25827598697
1130.29333;9.81271;129.93765;71.59277;0.48608;1.12730;2.24058;2.43900;0.237872664417452;1809.39732408853
1130.40002;9.78497;129.94659;70.90088;0.49120;1.13541;2.23460;2.47101;0.247493518715209;1933.38521696925
1130.50000;9.75900;129.95500;70.25300;0.49600;1.14300;2.22900;2.50100;0.247993891753029;1939.96822701336
1130.50659;9.75305;129.95074;70.20605;0.49592;1.14339;2.22939;2.50200;0.254984791697961;2033.33196319707
1130.59998;9.66748;129.88983;69.53027;0.49480;1.14900;2.23499;2.51620;0.263375235815816;2148.81337347033
1130.71985;9.55774;129.81171;68.66357;0.49336;1.15619;2.24219;2.53442;0.265396413595307;2177.19052374998
1130.75000;9.53000;129.79201;68.44500;0.49300;1.15800;2.24400;2.53900;0.268881101065343;2226.62437898445
1130.80005;9.51878;129.30371;67.65234;0.49120;1.16742;2.27045;2.53900;0.275140512978721;2317.03972084412
1130.93481;9.48860;127.99121;65.51562;0.48635;1.19275;2.34155;2.53900;0.276685807405936;2339.68120281278
1131.00000;9.47400;127.35600;64.48100;0.48400;1.20500;2.37600;2.53900;0.277100003432547;2345.77113317097
1131.15271;9.47461;125.53809;63.27051;0.48278;1.25388;2.40593;2.53350;0.277003457564943;2344.35087293121
1131.20007;9.47480;124.97363;62.89453;0.48240;1.26901;2.41522;2.53180;0.276795794765813;2341.29723707987
1131.25000;9.47500;124.37900;62.49800;0.48200;1.28500;2.42500;2.53000;0.284780679615511;2460.35947511667
1131.37244;9.47108;125.25146;61.71191;0.48102;1.30019;2.41766;2.50894;0.286565034052644;2487.42882703037
1131.40002;9.47020;125.44824;61.53516;0.48080;1.30360;2.41600;2.50420;0.292996430021918;2586.39824268887
1131.50000;9.46700;126.16100;60.89300;0.48000;1.31600;2.41000;2.48700;0.295958672427769;2632.72184842694
1131.59045;9.45940;127.79883;61.32910;0.48289;1.31781;2.40168;2.48700;0.29626157253985;2637.48487053816
1131.59998;9.45860;127.97070;61.37500;0.48320;1.31800;2.40080;2.48700;0.30076722723549;2708.91017953519
1131.75000;9.44600;130.68900;62.09800;0.48800;1.32100;2.38700;2.48700;0.29786312776122;2662.75031737144
1131.80005;9.44600;131.32617;62.85156;0.48740;1.30841;2.37859;2.48399;0.297586382294247;2658.37481819053
1131.80457;9.44600;131.38379;62.91992;0.48735;1.30725;2.37782;2.48372;0.282934186499716;2432.5273553716
1132.00000;9.44600;133.87399;65.86500;0.48500;1.25800;2.34500;2.47200;0.279781964966797;2385.42915056632
1132.01404;9.46179;133.84229;66.21484;0.48438;1.25381;2.34337;2.47155;0.231030134450712;1724.20623078248
1132.20007;9.67017;133.42188;70.85742;0.47620;1.19876;2.32179;2.46560;0.224331642767668;1643.21640253847
1132.22180;9.69446;133.37280;71.40039;0.47524;1.19232;2.31927;2.46490;0.215280014923662;1537.5610010289
1132.25000;9.72600;133.30901;72.10400;0.47400;1.18400;2.31600;2.46400;0.167921409423508;1055.70006387199
1132.40002;9.76801;133.61108;75.36719;0.46740;1.16481;2.29500;2.42798;0.156934301927452;960.930310445793
1132.42981;9.77637;133.67090;76.01562;0.46609;1.16100;2.29083;2.42084;0.12852055292647;745.571982365633
1132.50000;9.79600;133.81200;77.54300;0.46300;1.15200;2.28100;2.40400;0.11865584712768;680.829863642606
1132.59998;9.79600;133.52588;78.02734;0.46180;1.15120;2.27340;2.35645;0.114814657726472;657.017996563706
1132.63782;9.79600;133.41748;78.21045;0.46135;1.15090;2.27052;2.33838;0.103027476282391;588.839480337181
1132.75000;9.79600;133.09599;78.75400;0.46000;1.15000;2.26200;2.28500;0.102917614563914;588.238715763598
1132.80005;9.79800;131.99805;78.72632;0.46000;1.13918;2.26100;2.28500;0.102801882752834;587.606536913434
1132.84778;9.79991;130.95117;78.70001;0.46000;1.12888;2.26004;2.28500;0.102371472688195;585.261718016776
1133.00000;9.80600;127.61100;78.61600;0.46000;1.09600;2.25700;2.28500;0.100758681230538;576.563105065884
1133.06165;9.81167;127.15332;78.67932;0.46099;1.08984;2.25725;2.24823;0.0971327936291308;557.511247802452
1133.20007;9.82441;126.12402;78.82153;0.46320;1.07599;2.25780;2.16571;0.0958207427093486;550.789224709379
1133.25000;9.82900;125.75300;78.87300;0.46400;1.07100;2.25800;2.13600;0.086125217435065;503.950050522892
1133.27979;9.82924;125.80872;79.31445;0.46460;1.06826;2.25895;2.10046;0.0425820744913842;355.144764418007
1133.40002;9.83020;126.03381;81.09766;0.46700;1.05720;2.26280;1.95715;0.000421243165084727;307.004711521268
1133.49902;9.83099;126.21912;82.56641;0.46898;1.04809;2.26597;1.83911;0;307
1133.50000;9.83100;126.22100;82.58000;0.46900;1.04800;2.26600;1.83800;0.00807396735760229;308.730889639364
1133.59998;9.83100;126.58765;82.31567;0.46460;1.05840;2.26680;1.78442;0.0172203521385719;314.873710950612
1133.71704;9.83100;127.01636;82.00610;0.45945;1.07057;2.26774;1.72168;0.0197356462979692;317.341847669462
1133.75000;9.83100;127.13700;81.91900;0.45800;1.07400;2.26800;1.70400;0.0368795473221085;343.113251755492
1133.80005;9.82500;127.39648;81.30469;0.45480;1.09665;2.26840;1.68539;0.0777402679351811;467.467662122848
1133.93372;9.80894;128.08789;79.66504;0.44624;1.15707;2.26947;1.63568;0.0957387758440314;550.372379017579
1134.00000;9.80100;128.43100;78.85100;0.44200;1.18700;2.27000;1.61100;0.135224781521617;792.521135522212
1134.14893;9.71283;128.94507;76.78711;0.42770;1.30139;2.26881;1.41907;0.147138087554142;881.838590872657
1134.20007;9.68256;129.12158;76.07812;0.42280;1.34064;2.26840;1.35327;0.15805897906905;970.336788725566
1134.25000;9.65300;129.29401;75.38600;0.41800;1.37900;2.26800;1.28900;0.171104064810197;1084.34960133546
1134.36255;9.58594;130.37402;74.32617;0.38696;1.57568;2.26620;.98511;0.175055481070222;1120.66816657641
1134.40002;9.56360;130.73438;73.97266;0.37662;1.64124;2.26560;.88403;0.184668275271658;1212.48340351595
1134.50000;9.50400;131.69400;73.03100;0.34900;1.81600;2.26400;.61400;0.187891287186523;1244.36620705583
1134.57532;9.50279;130.49414;72.61035;0.34177;1.83710;2.25557;.61400;0.188887281356094;1254.33033940671
1134.59998;9.50240;130.10156;72.47266;0.33940;1.84399;2.25281;.61400;0.194363087718726;1310.05221741648
1134.75000;9.50000;127.71700;71.63500;0.32500;1.88600;2.23600;.61400;0.198891803970147;1357.33963580065
1134.78967;9.49603;127.08594;71.15039;0.32087;1.93359;2.22777;.57092;0.200033104910619;1369.42861960295
1134.80005;9.49500;126.91992;71.02441;0.31979;1.94604;2.22560;.55969;0.21958773023027;1587.30105319842
1135.00000;9.47500;123.74000;68.58300;0.29900;2.18600;2.18400;.34300;0.221758190573192;1612.73621562317
1135.00891;9.47496;124.21484;68.42383;0.29735;2.23096;2.18214;.32727;0.267366974589907;2205.06814882562
1135.20007;9.47420;134.44531;65.02930;0.26218;3.19189;2.14238;-.01147;0.27198539253194;2271.20918140827
1135.21985;9.47412;135.50391;64.67969;0.25854;3.29150;2.13828;-.04651;0.279025140060708;2374.20372845493
1135.25000;9.47400;137.11700;64.14400;0.25300;3.44300;2.13200;-.10000;0.166694546719166;1044.79934110491
1135.40002;9.45599;154.39062;63.32129;0.23080;4.47412;2.08096;-.28479;0.16733615782987;1050.49059061726
1135.41016;9.45479;155.55469;63.26562;0.22931;4.54346;2.07755;-.29724;0.173064053640638;1102.26104627738
1135.50000;9.44400;165.90199;62.77300;0.21600;5.16100;2.04700;-.40800;0.175870365147692;1128.26152221754
1135.59363;9.43538;157.70312;62.60254;0.21525;5.19397;2.01105;-.41361;0.176061613241971;1130.04865161668
1135.59998;9.43480;157.14844;62.59106;0.21520;5.19620;2.00861;-.41399;0.18058417240696;1172.87571792602
1135.75000;9.42100;144.01500;62.31800;0.21400;5.24900;1.95100;-.42300;0.183108018423847;1197.24788139181
1135.77515;9.41415;145.91406;62.11133;0.21601;5.46973;1.94688;-.43045;0.18561483927866;1221.79054796744
1135.80005;9.40738;147.79688;61.90625;0.21800;5.68945;1.94281;-.43781;0.201604489749167;1386.18726555013
1135.95715;9.36465;159.68750;60.61035;0.23058;7.07129;1.91704;-.48431;0.206004128104439;1433.80415418562
1136.00000;9.35300;162.92900;60.25700;0.23400;7.44800;1.91000;-.49700;0.211489667718469;1494.61304083181
1136.12769;9.28052;170.82031;59.88062;0.24728;8.27979;1.92584;-.50824;0.214615599487771;1529.97981741652
1136.20007;9.23938;175.29688;59.66724;0.25481;8.75098;1.93481;-.51460;0.216777479461916;1554.7428161415
1136.25000;9.21100;178.38901;59.52000;0.26000;9.07600;1.94100;-.51900;0.215661545464415;1541.92959734375
1136.29187;9.21100;178.42969;59.90527;0.26669;9.09039;1.95038;-.51816;0.212606040501944;1507.18440324687
1136.40002;9.21100;178.53479;60.90039;0.28400;9.12759;1.97459;-.51600;0.211063538691477;1489.8324076493
1136.45117;9.21100;178.58447;61.37109;0.29219;9.14520;1.98605;-.51497;0.209524099445848;1472.64083495243
1136.50000;9.21100;178.63200;61.82100;0.30000;9.16200;1.99700;-.51400;0.19900872907001;1358.57689249871
1136.59998;9.29181;177.12109;63.60938;0.30840;8.63721;2.02179;-.51200;0.197747528344353;1345.29050188357
1136.61157;9.30115;176.94727;63.81641;0.30938;8.57666;2.02466;-.51177;0.187742165613096;1242.88048094289
1136.69995;9.37256;175.60938;65.39844;0.31680;8.11279;2.04660;-.51000;0.181776025529667;1184.34401510706
1136.75000;9.41300;174.85201;66.29600;0.32100;7.85000;2.05900;-.50900;0.179319332361257;1160.78969478108
1136.77368;9.41980;172.16406;66.40381;0.32185;7.68115;2.06995;-.50900;0.176603314353997;1135.12206529277
1136.80005;9.42740;169.16406;66.52441;0.32280;7.49268;2.08203;-.50900;0.161366737274351;998.392387171152
1136.94995;9.47058;152.13281;67.20752;0.32820;6.42090;2.15100;-.50900;0.156364774591533;956.193633260977
1137.00000;9.48500;146.44701;67.43600;0.33000;6.06300;2.17400;-.50900;0.150481797175808;908.262709532122
1137.13831;9.49164;142.79688;68.07422;0.33277;5.58276;2.19060;-.50568;0.147840905069619;887.343955423829
1137.20007;9.49461;141.16602;68.35938;0.33400;5.36816;2.19801;-.50420;0.145701403874085;870.668365843536
1137.25000;9.49700;139.84801;68.59000;0.33500;5.19500;2.20400;-.50300;0.143232819024203;851.729930330839
1137.33240;9.49403;143.53906;69.04980;0.32808;5.13403;2.19576;-.49246;0.141133772860457;835.881107325835
1137.40002;9.49160;146.57031;69.42773;0.32240;5.08398;2.18900;-.48381;0.137913952970489;812.024629950071
1137.50000;9.48800;151.05400;69.98600;0.31400;5.01000;2.17900;-.47100;0.137443396999327;808.584245987682
1137.52441;9.48595;150.26172;70.02832;0.31176;5.03540;2.17470;-.48590;0.135978298658153;797.947811574422
1137.59998;9.47960;147.80078;70.15955;0.30480;5.11438;2.16139;-.53180;0.133756968112511;782.038661838534
1137.71484;9.46996;144.06641;70.35889;0.29424;5.23425;2.14117;-.60168;0.133072848509177;777.191801766088
1137.75000;9.46700;142.92200;70.42000;0.29100;5.27100;2.13500;-.62300;0.134743949604553;789.075101930576
1137.80005;9.46720;144.32812;70.18457;0.28740;5.37109;2.13000;-.65723;0.228543126723891;1693.86178490473
1137.90491;9.46762;147.27539;69.69092;0.27985;5.58130;2.11951;-.72894;0.236045254119899;1786.40615565039
1138.00000;9.46800;149.94901;69.24300;0.27300;5.77200;2.11000;-.79400;0.246598327961153;1921.64548708931
1138.08508;9.47277;161.93750;69.63037;0.27232;5.91833;2.10285;-.81784;0.259839167326088;2099.69418877869
1138.20007;9.47921;178.12500;70.15430;0.27140;6.11621;2.09319;-.85004;0.265216963948113;2174.66767101277
1138.25000;9.48200;185.15601;70.38200;0.27100;6.20200;2.08900;-.86400;0.264757128831823;2168.19694812172
1138.25305;9.48204;185.18848;70.42188;0.27114;6.20190;2.08896;-.86230;0.240481888899992;1842.54221662235
1138.40002;9.48380;186.74414;72.34961;0.27820;6.19720;2.08720;-.78003;0.239271592771851;1827.12497130634
1138.40674;9.48388;186.81543;72.43750;0.27852;6.19698;2.08712;-.77625;0.221376597023105;1608.24906388587
1138.50000;9.48500;187.80299;73.66100;0.28300;6.19400;2.08600;-.72400;0.217946039604952;1568.23198356631
1138.56055;9.48524;185.46484;73.76733;0.28735;6.02002;2.08818;-.64551;0.215714258843432;1542.53402453339
1138.59998;9.48540;183.93750;73.83667;0.29019;5.90674;2.08960;-.59436;0.209171640523001;1468.72302435648
1138.71643;9.48587;179.43750;74.04114;0.29858;5.57178;2.09379;-.44348;0.207294201460039;1447.96226808414
1138.75000;9.48600;178.13800;74.10000;0.30100;5.47500;2.09500;-.40000;0.210610712704469;1484.76292410908
1138.80005;9.48620;175.32812;73.74365;0.30441;5.47500;2.10181;-.35663;0.215256371519182;1537.29421652211
1138.87927;9.48652;170.88281;73.18018;0.30979;5.47500;2.11259;-.28784;0.221030678992156;1604.18539115081
1139.00000;9.48700;164.10600;72.32100;0.31800;5.47500;2.12900;-.18300;0.221795272634912;1613.1754131883
1139.04639;9.48663;164.32520;72.27972;0.31967;5.34888;2.13234;-.18300;0.224328100963822;1643.17791177471
1139.20007;9.48540;165.05127;72.14264;0.32520;4.93066;2.14340;-.18300;0.224625079051499;1646.71798700347
1139.21802;9.48525;165.13623;72.12659;0.32585;4.88208;2.14469;-.18300;0.225150673371354;1652.99485462241
1139.25000;9.48500;165.28700;72.09800;0.32700;4.79500;2.14700;-.18300;0.207610259376387;1451.44383962327
1139.39575;9.47917;155.83594;72.72656;0.33283;4.31982;2.15108;-.02087;0.207095024764359;1445.77035389356
1139.40002;9.47900;155.55469;72.74512;0.33300;4.30591;2.15120;-.01611;0.195268789039699;1319.42406773299
1139.50000;9.47500;149.06700;73.17600;0.33700;3.98000;2.15400;.09500;0.186720407382487;1232.72144180885
1139.57983;9.47500;147.08984;73.67432;0.34083;3.75562;2.15751;.20581;0.183905462982743;1205.02008957679
1139.59998;9.47500;146.59180;73.79980;0.34180;3.69897;2.15840;.23376;0.175560240118653;1125.36876225062
1139.75000;9.47500;142.88300;74.73700;0.34900;3.27700;2.16500;.44200;0.166006209431911;1038.72071824228
1139.77332;9.47500;140.74219;75.08203;0.35031;3.23291;2.16714;.48413;0.100494594293475;575.152543408591
1139.80005;9.47500;138.29688;75.47852;0.35180;3.18237;2.16960;.53247;0.0952557763884841;547.923438903511
1139.98511;9.47500;121.33594;78.22461;0.36217;2.83228;2.18663;.86694;0.131176904295445;763.889401771677
1140.00000;9.47500;119.97200;78.44700;0.36300;2.80400;2.18800;.89400;0.133572516786315;780.729549950559
1140.20007;9.46940;115.66016;76.01562;0.37981;2.61829;2.22881;1.34790;0.138451747637023;815.971097815957
1140.21606;9.46895;115.31445;75.82129;0.38115;2.60352;2.23207;1.38428;0.157050153950895;961.897126819836
1140.25000;9.46800;114.58300;75.40900;0.38400;2.57200;2.23900;1.46100;0.163093135910585;1013.26486168986
1140.40002;9.45480;119.84375;74.79346;0.40381;2.17725;2.22940;1.68860;0.169858365842093;1073.07290241794
1140.44751;9.45062;121.51172;74.59863;0.41006;2.05225;2.22636;1.76050;0.162008149209296;1003.89904904906
1140.50000;9.44600;123.35000;74.38300;0.41700;1.91400;2.22300;1.84000;0.155920783749756;952.511643273332
1140.59998;9.43320;122.43848;74.94873;0.42260;1.76160;2.21381;1.84000;0.149448376882263;900.032360184094
1140.67419;9.42369;121.76270;75.36816;0.42675;1.64844;2.20698;1.84000;0.149961350313472;904.110332374031
1140.75000;9.41400;121.07200;75.79700;0.43100;1.53300;2.20000;1.84000;0.150980112095059;912.250791387148
1140.80005;9.41440;121.44434;75.79600;0.43200;1.48792;2.20060;1.87885;0.152006878076967;920.510909330544
1140.89966;9.41520;122.18359;75.79401;0.43399;1.39819;2.20180;1.95618;0.159607206421942;983.395493289867
1141.00000;9.41600;122.92700;75.79200;0.43600;1.30800;2.20300;2.03400;0.164163011658607;1022.56031244488
1141.12366;9.41600;123.86230;75.32471;0.43649;1.23523;2.21635;2.13098;0.167092718325277;1048.32835424047
1141.20007;9.41600;124.44141;75.03662;0.43680;1.19031;2.22461;2.19086;0.167027883635735;1047.75315098038
1141.25000;9.41600;124.81900;74.84800;0.43700;1.16100;2.23000;2.23000;0.16697202749596;1047.25774070512
1141.34436;9.41638;126.08691;74.94922;0.43926;1.12555;2.23415;2.26736;0.166835360358466;1046.04642991709
1141.40002;9.41660;126.83496;75.00891;0.44060;1.10461;2.23660;2.28940;0.163310094568048;1015.14390460797
1141.50000;9.41700;128.17700;75.11600;0.44300;1.06700;2.24100;2.32900;0.161128990760554;996.354850537625
1141.56213;9.41725;128.07764;75.34961;0.44672;1.06576;2.24274;2.33323;0.152175743130252;921.874293457892
1141.59998;9.41740;128.01709;75.49170;0.44900;1.06500;2.24380;2.33580;0.154509439852922;940.877747289128
1141.75000;9.41800;127.77700;76.05500;0.45800;1.06200;2.24800;2.34600;0.156301870054133;955.669970964451
1141.77820;9.41484;127.72852;75.92139;0.45890;1.04724;2.24845;2.35583;0.171701998913547;1089.7915563743
1141.80005;9.41239;127.69092;75.81787;0.45960;1.03583;2.24880;2.36343;0.172096798856265;1093.39513263847
1141.99487;9.39057;127.35583;74.89453;0.46584;0.93372;2.25192;2.43124;0.197561525738447;1343.3348178485
1142.00000;9.39000;127.34700;74.87000;0.46600;0.93100;2.25200;2.43300;0.198819012792283;1356.56935916266
1142.20007;9.33481;129.38379;73.58154;0.47480;0.91419;2.23360;2.43300;0.203820515819725;1410.03966898949
1142.21008;9.33203;129.48535;73.51709;0.47524;0.91335;2.23267;2.43300;0.213503638114308;1517.33597942435
1142.25000;9.32100;129.89301;73.26000;0.47700;0.91000;2.22900;2.43300;0.214950279274972;1533.79328271886
1142.40002;9.30540;131.00977;72.79272;0.48600;0.89560;2.23080;2.41499;0.219942951448034;1591.44490737071
1142.42249;9.30307;131.17676;72.72266;0.48734;0.89344;2.23107;2.41231;0.219409231251462;1585.21870328983
1142.50000;9.29500;131.75400;72.48100;0.49200;0.88600;2.23200;2.40300;0.219231027942136;1583.1431636517
1142.59998;9.26984;132.19629;72.55176;0.49320;0.87601;2.23560;2.39700;0.218590115977757;1575.69258388508
1142.63306;9.26151;132.34277;72.57520;0.49360;0.87270;2.23679;2.39501;0.216988067871361;1557.16412082795
1142.75000;9.23200;132.86000;72.65800;0.49500;0.86100;2.24100;2.38800;0.215625093054566;1541.50801924917
1142.80005;9.22319;132.76172;72.73132;0.49340;.86040;2.24220;2.38800;0.210571860559453;1484.32387973805
1142.84253;9.21571;132.67798;72.79370;0.49204;.85989;2.24322;2.38800;0.207530162216078;1450.55675526151
1143.00000;9.18800;132.36800;73.02500;0.48700;.85800;2.24700;2.38800;0.198728094889818;1355.60952988903
1143.05200;9.21649;132.21240;73.20605;0.48492;.86216;2.24513;2.38613;0.195710744815746;1324.00859069322
1143.20007;9.29761;131.76929;73.72192;0.47900;.87401;2.23980;2.38080;0.195595976905421;1322.81616956551
1143.25000;9.32500;131.62000;73.89600;0.47700;.87800;2.23800;2.37900;0.194249165929877;1308.87503172065
1143.26196;9.33752;131.58472;73.88751;0.47614;.87800;2.23867;2.37680;0.193513595526852;1301.30165191038
1143.40002;9.48218;131.18066;73.78918;0.46620;.87800;2.24640;2.35139;0.193239019642161;1298.48200314172
1143.47314;9.55884;130.96655;73.73712;0.46094;.87800;2.25050;2.33794;0.197051812661455;1337.99367666503
1143.50000;9.58700;130.88800;73.71800;0.45900;.87800;2.25200;2.33300;0.200035606133926;1369.4529781543
1143.59998;9.66376;130.59668;73.29004;0.44901;.88519;2.25600;2.19824;0.202129830941142;1391.81557195412
1143.68542;9.72937;130.34790;72.92480;0.44046;.89135;2.25941;2.08301;0.207620225490121;1451.54910674103
1143.75000;9.77900;130.16000;72.64900;0.43400;.89600;2.26200;1.99600;0.218180547085219;1570.94226158633
1143.80005;9.76860;130.04712;72.29785;0.43460;.91101;2.25337;1.88623;0.228833804691454;1697.3868208429
1143.89832;9.74815;129.82593;71.60889;0.43578;.94049;2.23648;1.67090;0.245775934849458;1910.88808620974
1144.00000;9.72700;129.59700;70.89600;0.43700;.97100;2.21900;1.44800;0.258241786872911;2077.71435887693
1144.11157;9.73236;129.69696;69.46973;0.43209;1.03662;2.20874;1.16553;0.26493829637569;2170.73876604253
1144.20007;9.73661;129.77631;68.33887;0.42820;1.08868;2.20059;.94141;0.274704616448773;2310.67610612691
1144.25000;9.73900;129.82100;67.70000;0.42600;1.11800;2.19600;.81500;0.283994055244371;2448.48106618656
1144.32471;9.67749;130.16943;66.68652;0.41673;1.22058;2.18584;.63867;0.295522678774868;2625.87579154217
1144.40002;9.61542;130.52100;65.66406;0.40739;1.32397;2.17560;.46094;0.300470004088088;2704.16673565872
1144.50000;9.53300;130.98801;64.30800;0.39500;1.46100;2.16200;.22500;0.309055882680217;2843.12192577398
1144.53613;9.52100;131.85742;63.84766;0.38965;1.57056;2.15723;.18274;0.327695556111103;3158.26353509801
1144.59998;9.49982;133.39258;63.03516;0.38020;1.76416;2.14880;.10828;0.32856325701749;3173.38446461219
1144.74316;9.45227;136.83594;61.21094;0.35901;2.19824;2.12990;-.05896;0.331389325773378;3222.90585326464
1144.75000;9.45000;137.00000;61.12400;0.35800;2.21900;2.12900;-.06700;0.33940410549579;3365.65625226794
1144.80005;9.45860;138.42188;60.96753;0.34979;2.21900;2.12460;.03564;0.342698273849946;3425.31749588266
1144.94177;9.48299;142.44336;60.52417;0.32655;2.21900;2.11212;.32593;0.362798066140761;3801.83342652713
1145.00000;9.49300;144.09399;60.34200;0.31700;2.21900;2.10700;.44500;0.334889125319558;3284.82125513453
1145.13245;9.49194;149.73047;59.47461;0.31541;2.57812;2.09800;.44500;0.340700720078115;3389.07142718387
1145.20007;9.49140;152.60938;59.03174;0.31460;2.76147;2.09340;.44500;0.346584380721601;3496.44124864257
1145.25000;9.49100;154.73500;58.70500;0.31400;2.89700;2.09000;.44500;0.353866978646597;3631.88567760435
1145.31653;9.48781;156.72266;58.05957;0.31693;2.89673;2.10384;.44500;0.361933680615816;3785.20078422484
1145.40002;9.48380;159.21484;57.24805;0.32060;2.89640;2.12120;.44500;0.362448481448845;3795.10234850286
1145.49402;9.47929;162.02734;56.33594;0.32474;2.89602;2.14076;.44500;0.355477525151696;3662.21956689788
1145.50000;9.47900;162.20700;56.27700;0.32500;2.89600;2.14200;.44500;0.350497731396882;3568.87290171395
1145.59998;9.47900;162.02051;57.42676;0.33459;2.72314;2.15840;.53418;0.344351390822209;3455.47512161586
1145.66858;9.47900;161.89258;58.21484;0.34118;2.60461;2.16965;.59540;0.336243614155554;3308.95814526141
1145.75000;9.47900;161.74100;59.15100;0.34900;2.46400;2.18300;.66800;0.368664237190988;3915.76570218738
1145.80005;9.47920;160.35938;60.24414;0.35519;2.38940;2.18480;.76172;0.333681673866015;3263.38740210031
1145.84473;9.47938;159.12891;61.22070;0.36073;2.32275;2.18641;.84521;0.326287993266305;3133.82380760025
1146.00000;9.48000;154.85001;64.61900;0.38000;2.09100;2.19200;1.13600;0.269718174712072;2238.59860874215
1146.02393;9.48086;153.39062;65.12500;0.38258;2.06384;2.19324;1.18652;0.264914654031365;2170.40961722828
1146.20007;9.48720;142.65625;68.85742;0.40161;1.86365;2.20240;1.55859;0.252913249378754;2005.39812253271
1146.21448;9.48772;141.78125;69.16211;0.40316;1.84729;2.20316;1.58887;0.210590168799801;1484.53128133829
1146.25000;9.48900;139.61900;69.91500;0.40700;1.80700;2.20500;1.66400;0.206239072279606;1436.37448285213
1146.40002;9.49500;136.86719;72.70508;0.40700;1.52002;2.22180;1.77625;0.179364361580279;1161.21723824576
1146.41443;9.49558;136.60352;72.97461;0.40700;1.49243;2.22342;1.78705;0.167744189926877;1054.12080994862
1146.50000;9.49900;135.03600;74.56900;0.40700;1.32900;2.23300;1.85100;0.165382371895815;1033.23004133579
1146.59998;9.49900;134.19531;75.25391;0.41220;1.25580;2.23660;1.78107;0.149323603070856;899.042206608932
1146.61975;9.49900;134.02930;75.38965;0.41323;1.24133;2.23731;1.76721;0.146724824048148;878.613951956471
1146.75000;9.49900;132.93401;76.28200;0.42000;1.14600;2.24200;1.67600;0.145279731493306;867.409728886277
1146.80005;9.49900;132.82153;76.43335;0.42160;1.13339;2.24160;1.66899;0.135948321001893;797.730785851111
1146.82751;9.49900;132.75977;76.51660;0.42248;1.12646;2.24138;1.66515;0.13532236457977;793.222115656907
1147.00000;9.49900;132.37199;77.03900;0.42800;1.08300;2.24000;1.64100;0.13237930777548;772.302967036393
1147.03662;9.48273;132.57764;77.09460;0.42932;1.08987;2.23869;1.61359;0.131528520459847;766.341344051881
1147.20007;9.41016;133.49512;77.34314;0.43520;1.12061;2.23280;1.49133;0.131434217969749;765.682922688026
1147.24512;9.39017;133.74756;77.41150;0.43682;1.12907;2.23118;1.45764;0.145147860199217;866.392933322874
1147.25000;9.38800;133.77499;77.41900;0.43700;1.13000;2.23100;1.45400;0.149846468379575;903.195662500643
1147.40002;9.37120;133.85422;76.75977;0.43940;1.19363;2.22380;1.26794;0.154004690984376;936.743538004246
1147.45276;9.36530;133.88205;76.52783;0.44024;1.21597;2.22127;1.20251;0.18606857236314;1226.26743095956
1147.50000;9.36000;133.90700;76.32000;0.44100;1.23600;2.21900;1.14400;0.203081070227047;1402.05189462106
1147.59998;9.35160;133.54395;74.37109;0.43301;1.23960;2.21581;1.01770;0.225304767753709;1654.83447800443
1147.66064;9.34650;133.32324;73.18750;0.42815;1.24178;2.21386;.94092;0.240838503309002;1847.09535401138
1147.75000;9.33900;132.99800;71.44400;0.42100;1.24500;2.21100;.82800;0.259323532012458;2092.58134080122
1147.80005;9.33500;132.55859;69.96094;0.40738;1.29126;2.20280;.76038;0.285831796346534;2476.28618929048
1147.86987;9.32941;131.94629;67.89062;0.38837;1.35571;2.19135;.66602;0.311174895076942;2878.017598396
1148.00000;9.31900;130.80400;64.02800;0.35300;1.47600;2.17000;.49000;0.34648629703972;3494.633056348
1148.07947;9.32345;132.02734;61.38281;0.35300;1.72290;2.14874;.31592;0.360176640414596;3751.51029379948
1148.20007;9.33021;133.88477;57.37109;0.35300;2.09717;2.11639;.05151;0.369421683503869;3930.60830228168
1148.25000;9.33300;134.65401;55.71400;0.35300;2.25200;2.10300;-.05800;0.398403092014538;4521.4605085403
1148.28613;9.33517;137.01562;54.92969;0.34027;2.41650;2.08710;-.07001;0.231298485830941;1727.49973798969
1148.40002;9.34200;144.46094;52.45508;0.30017;2.93604;2.03699;-.10782;0.232090490595366;1737.24505092489
1148.48120;9.34687;149.76562;50.68945;0.27161;3.30615;2.00128;-.13477;0.231360347726094;1728.26033727809
1148.50000;9.34800;150.99100;50.28000;0.26500;3.39200;1.99300;-.14100;0.230884447881731;1722.42007392902
1148.59998;9.34840;155.11328;50.00488;0.23584;3.99463;1.95422;-.19098;0.230208253312468;1714.14180350072
1148.66321;9.34865;157.71875;49.83081;0.21738;4.37549;1.92969;-.22260;0.230745324066696;1720.71552576688
1148.75000;9.34900;161.28999;49.59200;0.19200;4.89900;1.89600;-.26600;0.231173736154235;1725.97030776433
1148.80005;9.34900;161.85547;49.39307;0.18399;5.50977;1.88138;-.28680;0.232855410461936;1746.69025641127
1148.83984;9.34900;162.30566;49.23486;0.17763;5.99512;1.86975;-.30338;0.232428182382124;1741.41287287309
1149.00000;9.34900;164.11800;48.59800;0.15200;7.95000;1.82300;-.37000;0.226681208863985;1671.35574908793
1149.01318;9.35220;164.00000;48.52100;0.15068;8.31250;1.82390;-.36636;0.226220851482841;1665.82048928471
1149.18640;9.39447;162.45410;47.51221;0.13335;13.08398;1.83568;-.31854;0.224512123130677;1645.37069356327
1149.20007;9.39783;162.33203;47.43262;0.13199;13.46094;1.83660;-.31476;0.222663752822072;1623.42433323942
1149.25000;9.41000;161.88600;47.14200;0.12700;14.83700;1.84000;-.30100;0.221990690345018;1615.47794276779
1149.36072;9.44055;160.99316;46.55566;0.12346;16.25293;1.84974;-.30100;0.220247413826015;1595.00787807488
1149.40002;9.45142;160.67578;46.34766;0.12220;16.75586;1.85320;-.30100;0.219413004262628;1585.26716656124
1149.50000;9.47900;159.86900;45.81800;0.11900;18.03400;1.86200;-.30100;0.217944878497035;1568.21822954853
1149.53650;9.47900;159.59863;45.65820;0.11871;18.23633;1.86769;-.29969;0.215275851503626;1537.51675072212
1149.59998;9.47900;159.12891;45.38135;0.11820;18.58838;1.87759;-.29740;0.214413561375967;1527.67881405525
1149.71375;9.47900;158.28711;44.88477;0.11729;19.21924;1.89534;-.29330;0.213784778562662;1520.52986458544
1149.75000;9.47900;158.01900;44.72700;0.11700;19.42000;1.90100;-.29200;0.212623724239273;1507.38443415954
1149.80005;9.47900;157.67480;44.79309;0.11660;19.91504;1.90240;-.29160;0.211273480814578;1492.18705587161
1149.89233;9.47900;157.03955;44.91492;0.11586;20.82715;1.90499;-.29086;0.209954550432222;1477.43560061187
1150.00000;9.47900;156.29800;45.05700;0.11500;21.89200;1.90800;-.29000;0.207549176650156;1450.77071352434
1150.07214;9.48275;155.77344;45.70117;0.11269;22.13110;1.90281;-.31110;0.206580739505883;1440.12182182383
1150.20007;9.48940;154.84277;46.84473;0.10860;22.55469;1.89359;-.34845;0.206527413401479;1439.53690152096
1150.25000;9.49200;154.47900;47.29200;0.10700;22.72000;1.89000;-.36300;0.204087822644412;1412.93888619293
1150.25317;9.49245;154.43848;47.29724;0.10687;22.69629;1.88991;-.36392;0.203473750004319;1406.29361676529
1150.40002;9.51302;152.53320;47.54041;0.10100;21.62305;1.88580;-.40683;0.202428415512274;1395.02750105445
1150.43689;9.51817;152.05469;47.60144;0.09952;21.35352;1.88477;-.41757;0.202087243360085;1391.36305851294
1150.50000;9.52700;151.23500;47.70600;0.09700;20.89200;1.88300;-.43600;0.202009144517759;1390.52508821773
1150.59998;9.53420;150.50781;47.87122;0.09620;20.78638;1.87980;-.43960;0.201570549510133;1385.82517335642
1150.62231;9.53581;150.34473;47.90820;0.09602;20.76282;1.87909;-.44041;0.202739585962833;1398.37505748753
1150.75000;9.54500;149.41400;48.11900;0.09500;20.62800;1.87500;-.44500;0.202952794605199;1400.67174747272
1150.80005;9.54600;149.41740;48.08203;0.09940;21.10547;1.87700;-.45442;0.207349017664385;1448.56566956068
1150.80908;9.54618;149.41803;48.07532;0.10020;21.19141;1.87736;-.45612;0.20742326364963;1449.38340531182
1150.99683;9.54994;149.43079;47.93640;0.11672;22.98145;1.88487;-.49141;0.20531945952355;1426.32752074482
1151.00000;9.55000;149.43100;47.93400;0.11700;23.01200;1.88500;-.49200;0.205130523162572;1424.2684700075
1151.18372;9.55588;150.16602;48.49414;0.11333;23.91992;1.88500;-.46628;0.204555348300673;1418.01173436656
1151.20007;9.55640;150.23145;48.54395;0.11300;24.00049;1.88500;-.46399;0.201910507835403;1389.46736916499
1151.25000;9.55800;150.43100;48.69600;0.11200;24.24700;1.88500;-.45700;0.201233428880121;1382.21973882705
1151.37036;9.54597;150.39490;49.99902;0.10815;24.46948;1.87585;-.45363;0.198884627738784;1357.26624700434
1151.40002;9.54300;150.38602;50.32031;0.10720;24.52441;1.87360;-.45280;0.199375898130227;1362.46125701232
1151.50000;9.53300;150.35600;51.40200;0.10400;24.70900;1.86600;-.45000;0.199687707846416;1365.76517988632
1151.55713;9.53003;149.91992;52.09277;0.11017;24.65430;1.86326;-.44932;0.200366013938697;1372.97032839665
1151.59998;9.52780;149.59277;52.61035;0.11479;24.61340;1.86120;-.44880;0.200378982064015;1373.10831452678
1151.74475;9.52027;148.48730;54.36035;0.13043;24.47498;1.85425;-.44706;0.201067340265166;1380.44567299705
1151.75000;9.52000;148.44701;54.42400;0.13100;24.47000;1.85400;-.44700;0.202555615572063;1396.39553384705
1151.80005;9.50537;148.48883;54.95020;0.13881;24.24170;1.85480;-.43919;0.20309420204167;1402.19654709207
1151.93335;9.46646;148.60028;56.35156;0.15961;23.63330;1.85693;-.41840;0.206780988449149;1442.31985329845
1152.00000;9.44700;148.65601;57.05300;0.17000;23.32900;1.85800;-.40800;0.209189345369321;1468.91974542472
1152.12122;9.39948;149.32324;56.77808;0.18697;22.12207;1.87401;-.37357;0.210715652701965;1485.93700561539
1152.20007;9.36856;149.75732;56.59912;0.19801;21.33691;1.88441;-.35117;0.217783698652035;1566.35377186862
1152.25000;9.34900;150.03200;56.48600;0.20500;20.84000;1.89100;-.33700;0.229025086469548;1699.71779689137
1152.30811;9.33368;150.73145;55.72754;0.22357;19.95312;1.89867;-.33700;0.240458089447225;1842.2382983161
1152.40002;9.30939;151.83789;54.52637;0.25299;18.55078;1.91081;-.33700;0.241310598913776;1853.14346416639
1152.49316;9.28482;152.95801;53.31055;0.28278;17.12891;1.92310;-.33700;0.24747370715383;1933.12948612329
1152.50000;9.28300;153.03999;53.22100;0.28500;17.02500;1.92400;-.33700;0.251993780968924;1993.07391006655
1152.59998;9.28380;154.46387;51.93848;0.29700;14.74219;1.93719;-.19434;0.256463515155802;2053.4176479356
1152.67480;9.28440;155.53027;50.97852;0.30598;13.03320;1.94708;-.08740;0.254811379733807;2030.98911723558
1152.75000;9.28500;156.59900;50.01400;0.31500;11.31600;1.95700;.02000;0.252984834924426;2006.36172326092
1152.80005;9.28780;156.73438;50.29834;0.31560;10.62891;1.96361;.03421;0.248173822381693;1942.34262746347
1152.85522;9.29089;156.88379;50.61230;0.31626;9.87109;1.97089;.04987;0.245384329656508;1905.7860923315
1153.00000;9.29900;157.27600;51.43500;0.31800;7.88100;1.99000;.09100;0.230390780631049;1716.37604525677
1153.03455;9.30798;157.14600;52.36133;0.31966;7.59863;1.99262;.09100;0.228995533443435;1699.35698621856
1153.20007;9.35101;156.52441;56.79102;0.32760;6.24902;2.00520;.09100;0.225256349619623;1654.25761517855
1153.21399;9.35464;156.47217;57.16211;0.32827;6.13574;2.00626;.09100;0.212903982957889;1510.54988601708
1153.25000;9.36400;156.33701;58.12600;0.33000;5.84200;2.00900;.09100;0.212456789287197;1505.498781816
1153.39502;9.41968;154.80176;60.81445;0.33754;4.80469;2.02641;.12291;0.20304828289373;1401.69970268653
1153.40002;9.42160;154.74902;60.90625;0.33780;4.76953;2.02701;.12401;0.31735891127733;2981.22670826345
1153.50000;9.46000;153.69200;62.75700;0.34300;4.05400;2.03900;.14600;0.315004354880507;2941.69239569367
1153.57776;9.47928;152.42578;63.32227;0.34362;3.85181;2.05299;.18860;0.299016405026757;2681.03330224039
1153.59998;9.48477;152.06445;63.48340;0.34380;3.79395;2.05699;.20081;0.299318640573704;2685.83461639545
1153.75000;9.52200;149.62199;64.57300;0.34500;3.40400;2.08400;.28300;0.300153664526573;2699.12578848272
1153.76306;9.52294;149.48730;64.51758;0.34537;3.36108;2.08452;.29022;0.303427416952746;2751.59166070398
1153.80005;9.52560;149.10352;64.36084;0.34640;3.23877;2.08600;.31067;0.304418646285309;2767.58902453075
1153.95178;9.53653;147.52930;63.71777;0.35065;2.73755;2.09207;.39441;0.317930227990802;2990.86210048742
1154.00000;9.54000;147.02901;63.51300;0.35200;2.57800;2.09400;.42100;0.323407105811642;3084.12616205707
1154.14124;9.53887;147.69092;62.15723;0.35482;2.34924;2.08440;.54358;0.327981132871192;3163.23667310698
1154.20007;9.53840;147.96680;61.59277;0.35600;2.25391;2.08040;.59467;0.325805493659009;3125.4689852353
1154.25000;9.53800;148.20100;61.11500;0.35700;2.17300;2.07700;.63800;0.323627000768287;3087.90352304038
1154.32947;9.53419;149.64062;61.83594;0.36653;2.06177;2.08780;.65167;0.320125391304412;3028.05079513165
1154.40002;9.53080;150.91797;62.47559;0.37500;1.96301;2.09740;.66382;0.31454632423542;2934.0332256914
1154.50000;9.52600;152.73000;63.38100;0.38700;1.82300;2.11100;.68100;0.282408410315537;2424.63722330484
1154.51587;9.52606;152.54297;63.97266;0.38795;1.80725;2.11517;.70044;0.288257445661995;2513.26478811159
1154.59998;9.52640;151.54785;67.11328;0.39300;1.72351;2.13739;.80334;0.257453092627103;2066.91913752308
1154.70142;9.52681;150.34766;70.90234;0.39909;1.62244;2.16415;.92749;0.237855229196317;1809.17942544395
1154.75000;9.52700;149.77200;72.71700;0.40200;1.57400;2.17700;.98700;0.199076896520362;1359.29627895813
1154.80005;9.53320;145.97656;73.56055;0.40280;1.54834;2.18401;1.04834;0.156119784266588;954.16071400643
1154.89673;9.54520;138.63281;75.18945;0.40435;1.49884;2.19754;1.16675;0.171868161501857;1091.30876338947
1155.00000;9.55800;130.79201;76.92800;0.40600;1.44600;2.21200;1.29300;0.185124681894803;1216.96519597453
1155.10400;9.56549;128.19141;76.07520;0.41016;1.36359;2.21242;1.31088;0.191535140849182;1281.07634643944
1155.20007;9.57241;125.78711;75.28613;0.41400;1.28748;2.21280;1.32741;0.188453967832069;1249.98894658975
1155.25000;9.57600;124.53600;74.87700;0.41600;1.24800;2.21300;1.33600;0.185105289262061;1216.77435137999
1155.32251;9.58180;124.07275;75.05396;0.41919;1.24800;2.21213;1.39893;0.180704712266065;1174.03174473529
1155.40002;9.58801;123.57715;75.24341;0.42260;1.24800;2.21120;1.46625;0.182357744215672;1189.96701295883
1155.50000;9.59600;122.93800;75.48800;0.42700;1.24800;2.21000;1.55300;0.184383248807261;1209.69081644669
1155.54504;9.60428;123.32520;75.44446;0.43024;1.25502;2.20946;1.55858;0.189945898506458;1264.97890709706
1155.59998;9.61438;123.79688;75.39124;0.43420;1.26360;2.20880;1.56538;0.191139783573889;1277.05935220019
1155.75000;9.64200;125.08400;75.24600;0.44500;1.28700;2.20700;1.58400;0.193404330706547;1300.18126581408
1155.76721;9.64200;125.20605;75.18262;0.44459;1.28817;2.20762;1.60242;0.205868175728559;1432.3161819941
1155.80005;9.64200;125.43848;75.06152;0.44380;1.29041;2.20880;1.63782;0.206761338534077;1442.10171262341
1155.98633;9.64200;126.75830;74.37549;0.43933;1.30307;2.21551;1.83826;0.213266130735953;1514.64666989311
1156.00000;9.64200;126.85500;74.32500;0.43900;1.30400;2.21600;1.85300;0.213423550892523;1516.43014890307
1156.20007;9.65321;125.99463;73.75342;0.42699;1.31200;2.22080;1.95789;0.214779882434405;1531.85107691952
1156.20508;9.65348;125.97314;73.73901;0.42670;1.31220;2.22092;1.96045;0.20871777710041;1463.68463672401
1156.25000;9.65600;125.78000;73.61100;0.42400;1.31400;2.22200;1.98400;0.207665837498558;1452.0546321673
1156.40002;9.65780;124.18066;73.86658;0.42280;1.33319;2.22140;2.04224;0.204674052243686;1419.29933507306
1156.42603;9.65811;123.90332;73.91089;0.42259;1.33652;2.22130;2.05231;0.197744365515421;1345.25575738761
1156.50000;9.65900;123.11400;74.03700;0.42200;1.34600;2.22100;2.08100;0.19416316729789;1307.99021651244
1156.59998;9.66821;122.34863;74.48340;0.43079;1.36798;2.22060;2.15857;0.186792752944657;1233.43768264835
1156.65002;9.67281;121.96484;74.70703;0.43520;1.37900;2.22040;2.19739;0.188253637891555;1247.98557619281
1156.75000;9.68200;121.19900;75.15300;0.44400;1.40100;2.22000;2.27500;0.1904309013655;1269.87763193952
1156.80005;9.71002;121.68164;75.16843;0.44962;1.39420;2.21359;2.27500;0.19402185419168;1306.53368083067
1156.87524;9.75214;122.40527;75.19159;0.45802;1.38396;2.20396;2.27500;0.183330994548003;1199.4172459921
1157.00000;9.82200;123.60700;75.23000;0.47200;1.36700;2.18800;2.27500;0.186782390731776;1233.33494139334
1157.09753;9.92578;125.58203;75.25967;0.48058;1.36505;2.18371;2.43384;0.188454794505654;1249.99756861189
1157.20007;10.03479;127.65820;75.29083;0.48960;1.36300;2.17920;2.60071;0.19699851960903;1337.43828044715
1157.25000;10.08800;128.66901;75.30600;0.49400;1.36200;2.17700;2.68200;0.195108706014103;1317.76304242022
1157.31519;10.08800;128.95068;74.87549;0.49478;1.34503;2.17491;2.70337;0.206790001925798;1442.41626126744
1157.40002;10.08800;129.31787;74.31543;0.49580;1.32300;2.17220;2.73120;0.208361752413323;1459.74171554456
1157.50000;10.08800;129.75101;73.65500;0.49700;1.29700;2.16900;2.76400;0.212076577654476;1501.21192835657
1157.52930;10.05115;129.61963;73.54541;0.49677;1.29031;2.16830;2.77573;0.219358723788771;1584.63204867196
1157.59998;9.96240;129.30273;73.28174;0.49620;1.27420;2.16660;2.80399;0.219671047680638;1588.27277964367
1157.74353;9.78210;128.65918;72.74561;0.49505;1.24146;2.16316;2.86142;0.220456583573275;1597.4528639356
1157.75000;9.77400;128.63000;72.72200;0.49500;1.24000;2.16300;2.86400;0.222881255005877;1625.99484269976
1157.80005;9.76239;128.98047;72.75366;0.49560;1.23660;2.15678;2.88403;0.223527583292651;1633.65593234564
1157.95728;9.72589;130.08154;72.85303;0.49749;1.22591;2.13728;2.94693;0.225517044067251;1657.37629869117
1158.00000;9.71600;130.38100;72.88000;0.49800;1.22300;2.13200;2.96400;0.225855972925133;1661.43820881153
1158.16882;9.72410;131.64160;73.11157;0.50880;1.17572;2.11241;2.97615;0.226387491037184;1667.82075725106
1158.20007;9.72561;131.87500;73.15454;0.51080;1.16696;2.10880;2.97840;0.225078545373931;1652.13002005165
1158.25000;9.72800;132.24800;73.22300;0.51400;1.15300;2.10300;2.98200;0.224824129531433;1649.09092726109
1158.37842;9.73571;133.21387;73.56152;0.52530;1.15300;2.09170;3.02722;0.22351472446503;1633.50346210023
1158.40002;9.73700;133.37598;73.61841;0.52720;1.15300;2.08980;3.03482;0.216219360078014;1548.32433181173
1158.50000;9.74300;134.12900;73.88200;0.53600;1.15300;2.08100;3.07000;0.214959635144187;1533.90229687562
1158.58569;9.74403;134.81055;74.35156;0.53223;1.16774;2.07209;3.07000;0.201109018259944;1380.88864768195
1158.59998;9.74420;134.92383;74.43018;0.53160;1.17020;2.07060;3.07000;0.202453019781621;1395.29016177745
1158.75000;9.74600;136.11501;75.25300;0.52500;1.19600;2.05500;3.07000;0.202752328579327;1398.51056505338
1158.79089;9.71405;136.44043;75.23334;0.52631;1.21024;2.05040;3.05023;0.209147925783232;1468.45762632299
1158.80005;9.70691;136.51270;75.22894;0.52660;1.21344;2.04938;3.04584;0.209353040876009;1470.73711654035
1158.99377;9.55585;138.05078;75.13599;0.53280;1.28085;2.02768;2.95203;0.260074605674216;2102.94171934743
1159.00000;9.55100;138.10001;75.13300;0.53300;1.28300;2.02700;2.94900;0.261449131670891;2121.97559821778
1159.19446;9.54478;139.05615;72.69336;0.54623;1.32968;2.00755;2.86810;0.273513649245764;2293.34376824147
1159.20007;9.54460;139.08350;72.62305;0.54661;1.33102;2.00700;2.86575;0.291968932984412;2570.44370758227
1159.25000;9.54300;139.32899;71.99700;0.55000;1.34300;2.00200;2.84500;0.292693751188708;2581.69581267619
1159.39429;9.47430;139.97900;71.06787;0.55058;1.34415;1.98122;2.82018;0.3051441855198;2779.33097717045
1159.40002;9.47162;140.00488;71.03076;0.55060;1.34420;1.98039;2.81920;0.300778282937169;2709.09048754765
1159.50000;9.42400;140.45500;70.38700;0.55100;1.34500;1.96600;2.80200;0.300459972787243;2704.00884166116
1159.59314;9.40128;140.87402;70.49915;0.54131;1.34649;1.97829;2.80908;0.29346695077006;2593.72931285238
1159.59998;9.39960;140.90479;70.50732;0.54060;1.34660;1.97919;2.80960;0.278081128735087;2360.23845967077
1159.75000;9.36300;141.58000;70.68800;0.52500;1.34900;1.99900;2.82100;0.275083030028505;2316.20284728961
1159.79187;9.36451;141.07324;71.37500;0.52248;1.33344;2.02985;2.83728;0.202456550575395;1395.32810135847
1159.80005;9.36480;140.97363;71.50781;0.52200;1.33038;2.03589;2.84045;0.19965525273068;1365.41906537589
